{
  "extraction_report": {
    "style_extraction": {
      "method": "regex_v1",
      "method_description": "Regex-based extraction from minified JavaScript",
      "limitations": [
        "Complex MapLibre expressions may be simplified or incomplete",
        "Interactive states (hover, click) not fully captured",
        "Minified variable names require pattern matching heuristics",
        "Some layer properties may be missing"
      ],
      "future_improvements": [
        "JavaScript AST parsing for complete expression extraction",
        "Runtime style capture via browser extension",
        "User-provided layer configuration override"
      ],
      "layers_extracted": 1,
      "sources_without_styling": [
        "https://api.maptiler.com/tiles/v3/{z}/{x}/{y}.pbf?key=bDxRFX9VXGshWw7IhDCz"
      ],
      "js_files_analyzed": 10,
      "notes": [
        "Analyzed 10 JavaScript files",
        "Extracted styling for 1 layers",
        "1 tile sources have no extracted styling"
      ],
      "layers": [
        {
          "source_id": null,
          "source_layer": "W",
          "layer_type": "symbol",
          "colors_extracted": 0,
          "confidence": 0.6,
          "notes": [
            "Found tile URL: https://tiles.wxy-labs.org/parking_regs_v2/{z}/{x}/{y}.mvt",
            "Found source-layer: W",
            "Found layer type: symbol"
          ]
        }
      ]
    }
  },
  "layers": [
    {
      "source_id": null,
      "source_layer": "W",
      "tile_url": "https://tiles.wxy-labs.org/parking_regs_v2/{z}/{x}/{y}.mvt",
      "layer_type": "symbol",
      "colors": {},
      "paint_properties": {
        "line-width": "[\"case\",[\"boolean\",[\"feature-state\",\"hover\"]",
        "line-opacity": "[\"case\",[\"boolean\",[\"feature-state\",\"hover\"]"
      },
      "extraction_notes": [
        "Found tile URL: https://tiles.wxy-labs.org/parking_regs_v2/{z}/{x}/{y}.mvt",
        "Found source-layer: W",
        "Found layer type: symbol"
      ],
      "confidence": 0.6
    }
  ],
  "_comment": "This file documents extracted styling. Edit to refine layer appearance."
}